{"cameraMode":{"drawMode":0,"name":"Shaded","section":"Shading Mode"},"sceneLighting":true,"audioPlay":false,"sceneViewState":{"showFog":true,"showMaterialUpdate":true,"showSkybox":true,"showFlares":true,"showImageEffects":true,"showParticleSystems":true},"in2DMode":false,"pivot":{"x":442.16729736328127,"y":-3.448989152908325,"z":75.09062194824219},"rotation":{"x":-0.11141615360975266,"y":0.2571882903575897,"z":-0.028461366891860963,"w":-0.9597643613815308},"size":63.39163589477539,"orthographic":false}