{"cameraMode":{"drawMode":0,"name":"Shaded","section":"Shading Mode"},"sceneLighting":true,"audioPlay":false,"sceneViewState":{"showFog":true,"showMaterialUpdate":true,"showSkybox":true,"showFlares":true,"showImageEffects":true,"showParticleSystems":true},"in2DMode":false,"pivot":{"x":466.9888916015625,"y":1.8475810289382935,"z":49.11715316772461},"rotation":{"x":0.042998019605875018,"y":-0.5963004231452942,"z":0.029143422842025758,"w":0.801612913608551},"size":45.69084930419922,"orthographic":false}