{"cameraMode":{"drawMode":0,"name":"Shaded","section":"Shading Mode"},"sceneLighting":true,"audioPlay":false,"sceneViewState":{"showFog":true,"showMaterialUpdate":true,"showSkybox":true,"showFlares":true,"showImageEffects":true,"showParticleSystems":true},"in2DMode":false,"pivot":{"x":455.9305725097656,"y":0.7069048285484314,"z":55.16498947143555},"rotation":{"x":0.05409020185470581,"y":-0.5820226669311523,"z":0.03727313503623009,"w":0.8107456564903259},"size":63.39163589477539,"orthographic":false}