{"cameraMode":{"drawMode":0,"name":"Shaded","section":"Shading Mode"},"sceneLighting":true,"audioPlay":false,"sceneViewState":{"showFog":true,"showMaterialUpdate":false,"showSkybox":true,"showFlares":true,"showImageEffects":true,"showParticleSystems":true},"in2DMode":false,"pivot":{"x":14.434054374694825,"y":2.9593887329101564,"z":-0.6334555149078369},"rotation":{"x":0.10594745725393295,"y":-0.5484601855278015,"z":0.07031011581420899,"w":0.8264530897140503},"size":4.0578837394714359,"orthographic":false}